<?xml version="1.0" encoding="UTF-8"?>
<project xmlns:xsi="http://www.w3.org/2001/XMLSchema-instance" xmlns="http://maven.apache.org/POM/4.0.0"
         xsi:schemaLocation="http://maven.apache.org/POM/4.0.0 http://maven.apache.org/xsd/maven-4.0.0.xsd">
    <modelVersion>4.0.0</modelVersion>

    <groupId>com.mongodb</groupId>
    <artifactId>java-spring-boot-mongodb-starter</artifactId>
    <version>1.0.0</version>
    <packaging>jar</packaging>
    <name>java-spring-boot-mongodb-starter</name>

    <description>Quick start project</description>
    <parent>
        <groupId>org.springframework.boot</groupId>
        <artifactId>spring-boot-starter-parent</artifactId>
        <version>2.4.2</version>
        <relativePath/>
    </parent>

    <properties>
        <java.version>17</java.version>
        <project.build.sourceEncoding>UTF-8</project.build.sourceEncoding>
        <project.reporting.outputEncoding>UTF-8</project.reporting.outputEncoding>
        <mongodb.version>4.1.1</mongodb.version>
        <junit-engine.version>5.7.0</junit-engine.version>
        <assertj-core.version>3.18.1</assertj-core.version>
        <maven-compiler-plugin.version>3.8.1</maven-compiler-plugin.version>
        <springfox-boot-starter.version>3.0.0</springfox-boot-starter.version>
    </properties>

    <dependencies>
        <dependency>
            <groupId>org.mongodb</groupId>
            <artifactId>mongodb-driver-sync</artifactId>
            <version>${mongodb.version}</version>
        </dependency>
        <dependency>
            <groupId>org.springframework.boot</groupId>
            <artifactId>spring-boot-starter-web</artifactId>
        </dependency>


		<dependency>
			<groupId>org.springdoc</groupId>
			<artifactId>springdoc-openapi-ui</artifactId>
			<version>1.6.12</version>
		</dependency>
        <dependency>
            <groupId>org.springframework.boot</groupId>
            <artifactId>spring-boot-starter-test</artifactId>
            <scope>test</scope>
            <exclusions>
                <exclusion>
                    <groupId>junit</groupId>
                    <artifactId>junit</artifactId>
                </exclusion>
                <exclusion>
                    <groupId>org.assertj</groupId>
                    <artifactId>assertj-core</artifactId>
                </exclusion>
            </exclusions>
        </dependency>
        <dependency>
            <groupId>org.junit.jupiter</groupId>
            <artifactId>junit-jupiter-engine</artifactId>
            <version>${junit-engine.version}</version>
            <scope>test</scope>
        </dependency>
        <dependency>
            <groupId>org.junit.vintage</groupId>
            <artifactId>junit-vintage-engine</artifactId>
            <version>${junit-engine.version}</version>
            <scope>test</scope>
        </dependency>
        <dependency>
            <groupId>org.assertj</groupId>
            <artifactId>assertj-core</artifactId>
            <version>${assertj-core.version}</version>
            <scope>test</scope>
        </dependency>
    </dependencies>

    <build>
        <plugins>
            <plugin>
                <groupId>org.springframework.boot</groupId>
                <artifactId>spring-boot-maven-plugin</artifactId>
            </plugin>
            <plugin>
                <groupId>org.apache.maven.plugins</groupId>
                <artifactId>maven-surefire-plugin</artifactId>
                <configuration>
                    <skipTests>true</skipTests>
                </configuration>
                <executions>
                    <execution>
                        <id>unit-tests</id>
                        <phase>test</phase>
                        <goals>
                            <goal>test</goal>
                        </goals>
                        <configuration>
                            <skipTests>false</skipTests>
                            <includes>
                                <include>**/*Test.java</include>
                            </includes>
                        </configuration>
                    </execution>
                    <execution>
                        <id>integration-tests</id>
                        <phase>integration-test</phase>
                        <goals>
                            <goal>test</goal>
                        </goals>
                        <configuration>
                            <skipTests>false</skipTests>
                            <includes>
                                <include>**/*IT.java</include>
                            </includes>
                        </configuration>
                    </execution>
                </executions>
            </plugin>
        </plugins>
    </build>

</project>
